RUN	SCHEDULE_ID	DOMAIN_SIZES_SET 	 STRATEGY_PLACEMENT 	 STRATEGY_REALLOCATION 	 max. servers 	 avg. srv. count
0	30020	1 	 LowerBound 	 None 	 20.000000 	 9.904674
0	30020	1 	 LowerBoundDemand 	 None 	 15.000000 	 6.710642
0	30010	1 	 LowerBound 	 None 	 16.000000 	 9.759403
0	30010	1 	 LowerBoundDemand 	 None 	 12.000000 	 6.701878
0	30115	2 	 LowerBound 	 None 	 16.000000 	 8.837967
0	30115	2 	 LowerBoundDemand 	 None 	 13.000000 	 7.276495
0	30105	2 	 LowerBound 	 None 	 19.000000 	 8.905049
0	30105	2 	 LowerBoundDemand 	 None 	 16.000000 	 7.294679
0	30000	1 	 LowerBound 	 None 	 18.000000 	 8.639820
0	30000	1 	 LowerBoundDemand 	 None 	 12.000000 	 5.757132
0	30210	1 	 LowerBound 	 None 	 40.000000 	 14.689194
0	30210	1 	 LowerBoundDemand 	 None 	 27.000000 	 9.764987
0	30315	2 	 LowerBound 	 None 	 43.000000 	 18.368774
0	30315	2 	 LowerBoundDemand 	 None 	 35.000000 	 15.003173
0	30200	1 	 LowerBound 	 None 	 50.000000 	 23.034669
0	30200	1 	 LowerBoundDemand 	 None 	 32.000000 	 15.113193
0	30305	2 	 LowerBound 	 None 	 47.000000 	 24.836552
0	30305	2 	 LowerBoundDemand 	 None 	 39.000000 	 20.222321
0	30220	1 	 LowerBound 	 None 	 61.000000 	 27.162677
0	30220	1 	 LowerBoundDemand 	 None 	 41.000000 	 18.347258
0	30021	1 	 LowerBound 	 None 	 17.000000 	 8.421458
0	30021	1 	 LowerBoundDemand 	 None 	 12.000000 	 5.700001
0	30011	1 	 LowerBound 	 None 	 20.000000 	 10.577476
0	30011	1 	 LowerBoundDemand 	 None 	 13.000000 	 7.149694
0	30116	2 	 LowerBound 	 None 	 15.000000 	 9.890811
0	30116	2 	 LowerBoundDemand 	 None 	 13.000000 	 8.130432
0	30106	2 	 LowerBound 	 None 	 15.000000 	 8.016291
0	30106	2 	 LowerBoundDemand 	 None 	 12.000000 	 6.606690
0	30001	1 	 LowerBound 	 None 	 20.000000 	 9.013893
0	30001	1 	 LowerBoundDemand 	 None 	 14.000000 	 6.112431
0	30221	1 	 LowerBound 	 None 	 51.000000 	 26.993810
0	30221	1 	 LowerBoundDemand 	 None 	 34.000000 	 17.942758
0	30201	1 	 LowerBound 	 None 	 59.000000 	 20.488604
0	30201	1 	 LowerBoundDemand 	 None 	 38.000000 	 13.431195
0	30211	1 	 LowerBound 	 None 	 58.000000 	 20.306894
0	30211	1 	 LowerBoundDemand 	 None 	 39.000000 	 13.431462
0	30316	2 	 LowerBound 	 None 	 54.000000 	 21.502028
0	30316	2 	 LowerBoundDemand 	 None 	 43.000000 	 17.520645
0	30306	2 	 LowerBound 	 None 	 44.000000 	 14.917791
0	30306	2 	 LowerBoundDemand 	 None 	 36.000000 	 12.158932
0	30022	1 	 LowerBound 	 None 	 20.000000 	 10.874580
0	30022	1 	 LowerBoundDemand 	 None 	 13.000000 	 7.249309
0	30012	1 	 LowerBound 	 None 	 20.000000 	 9.304914
0	30012	1 	 LowerBoundDemand 	 None 	 14.000000 	 6.371802
0	30107	2 	 LowerBound 	 None 	 16.000000 	 9.121626
0	30107	2 	 LowerBoundDemand 	 None 	 13.000000 	 7.468181
0	30117	2 	 LowerBound 	 None 	 16.000000 	 8.531876
0	30117	2 	 LowerBoundDemand 	 None 	 13.000000 	 7.042078
0	30002	1 	 LowerBound 	 None 	 18.000000 	 9.459386
0	30002	1 	 LowerBoundDemand 	 None 	 13.000000 	 6.466048
0	30317	2 	 LowerBound 	 None 	 49.000000 	 18.812610
0	30317	2 	 LowerBoundDemand 	 None 	 40.000000 	 15.379010
0	30222	1 	 LowerBound 	 None 	 54.000000 	 22.807891
0	30222	1 	 LowerBoundDemand 	 None 	 34.000000 	 14.738434
0	30307	2 	 LowerBound 	 None 	 47.000000 	 15.255725
0	30307	2 	 LowerBoundDemand 	 None 	 38.000000 	 12.321775
0	30202	1 	 LowerBound 	 None 	 50.000000 	 20.122521
0	30202	1 	 LowerBoundDemand 	 None 	 33.000000 	 13.070665
0	30212	1 	 LowerBound 	 None 	 55.000000 	 22.154605
0	30212	1 	 LowerBoundDemand 	 None 	 37.000000 	 14.767273
0	30023	1 	 LowerBound 	 None 	 16.000000 	 8.082228
0	30023	1 	 LowerBoundDemand 	 None 	 11.000000 	 5.509307
0	30013	1 	 LowerBound 	 None 	 18.000000 	 9.510138
0	30013	1 	 LowerBoundDemand 	 None 	 12.000000 	 6.523146
0	30118	2 	 LowerBound 	 None 	 19.000000 	 8.710704
0	30118	2 	 LowerBoundDemand 	 None 	 15.000000 	 7.139365
0	30108	2 	 LowerBound 	 None 	 16.000000 	 8.525329
0	30108	2 	 LowerBoundDemand 	 None 	 13.000000 	 6.993364
0	30003	1 	 LowerBound 	 None 	 16.000000 	 8.196789
0	30003	1 	 LowerBoundDemand 	 None 	 12.000000 	 5.634323
0	30308	2 	 LowerBound 	 None 	 46.000000 	 21.153234
0	30308	2 	 LowerBoundDemand 	 None 	 37.000000 	 17.237019
0	30318	2 	 LowerBound 	 None 	 50.000000 	 16.136717
0	30318	2 	 LowerBoundDemand 	 None 	 41.000000 	 13.195159
0	30223	1 	 LowerBound 	 None 	 56.000000 	 21.121458
0	30223	1 	 LowerBoundDemand 	 None 	 36.000000 	 13.904906
0	30203	1 	 LowerBound 	 None 	 53.000000 	 19.429162
0	30203	1 	 LowerBoundDemand 	 None 	 35.000000 	 12.892438
0	30213	1 	 LowerBound 	 None 	 51.000000 	 19.128142
0	30213	1 	 LowerBoundDemand 	 None 	 34.000000 	 12.737351
0	30024	1 	 LowerBound 	 None 	 17.000000 	 9.546432
0	30024	1 	 LowerBoundDemand 	 None 	 12.000000 	 6.515485
0	30014	1 	 LowerBound 	 None 	 19.000000 	 10.379243
0	30014	1 	 LowerBoundDemand 	 None 	 13.000000 	 7.014656
0	30119	2 	 LowerBound 	 None 	 16.000000 	 8.425093
0	30119	2 	 LowerBoundDemand 	 None 	 13.000000 	 6.908248
0	30109	2 	 LowerBound 	 None 	 17.000000 	 10.459156
0	30109	2 	 LowerBoundDemand 	 None 	 14.000000 	 8.554885
0	30004	1 	 LowerBound 	 None 	 16.000000 	 9.228664
0	30004	1 	 LowerBoundDemand 	 None 	 11.000000 	 6.245872
0	30309	2 	 LowerBound 	 None 	 49.000000 	 19.989067
0	30309	2 	 LowerBoundDemand 	 None 	 40.000000 	 16.291095
0	30319	2 	 LowerBound 	 None 	 50.000000 	 20.711734
0	30319	2 	 LowerBoundDemand 	 None 	 41.000000 	 16.873161
0	30204	1 	 LowerBound 	 None 	 64.000000 	 26.559101
0	30204	1 	 LowerBoundDemand 	 None 	 42.000000 	 17.496630
0	30214	1 	 LowerBound 	 None 	 54.000000 	 21.811594
0	30214	1 	 LowerBoundDemand 	 None 	 36.000000 	 14.554723
0	30224	1 	 LowerBound 	 None 	 57.000000 	 20.865100
0	30224	1 	 LowerBoundDemand 	 None 	 39.000000 	 13.984379
0	30100	2 	 LowerBound 	 None 	 16.000000 	 8.179290
0	30100	2 	 LowerBoundDemand 	 None 	 13.000000 	 6.744518
0	30015	1 	 LowerBound 	 None 	 18.000000 	 9.598039
0	30015	1 	 LowerBoundDemand 	 None 	 12.000000 	 6.575926
0	30120	2 	 LowerBound 	 None 	 16.000000 	 8.013083
0	30120	2 	 LowerBoundDemand 	 None 	 13.000000 	 6.623548
0	30110	2 	 LowerBound 	 None 	 16.000000 	 8.510320
0	30110	2 	 LowerBoundDemand 	 None 	 13.000000 	 6.965995
0	30005	1 	 LowerBound 	 None 	 19.000000 	 9.478817
0	30005	1 	 LowerBoundDemand 	 None 	 14.000000 	 6.473667
0	30310	2 	 LowerBound 	 None 	 52.000000 	 20.176547
0	30310	2 	 LowerBoundDemand 	 None 	 42.000000 	 16.404986
0	30320	2 	 LowerBound 	 None 	 45.000000 	 19.139205
0	30320	2 	 LowerBoundDemand 	 None 	 36.000000 	 15.653459
0	30205	1 	 LowerBound 	 None 	 53.000000 	 21.955688
0	30205	1 	 LowerBoundDemand 	 None 	 36.000000 	 14.513528
0	30300	2 	 LowerBound 	 None 	 46.000000 	 22.175285
0	30300	2 	 LowerBoundDemand 	 None 	 38.000000 	 18.052993
0	30215	1 	 LowerBound 	 None 	 47.000000 	 20.625674
0	30215	1 	 LowerBoundDemand 	 None 	 31.000000 	 13.427187
0	30101	2 	 LowerBound 	 None 	 15.000000 	 7.861749
0	30101	2 	 LowerBoundDemand 	 None 	 12.000000 	 6.469437
0	30016	1 	 LowerBound 	 None 	 15.000000 	 8.931415
0	30016	1 	 LowerBoundDemand 	 None 	 10.000000 	 6.034174
0	30121	2 	 LowerBound 	 None 	 14.000000 	 8.030209
0	30121	2 	 LowerBoundDemand 	 None 	 11.000000 	 6.613881
0	30111	2 	 LowerBound 	 None 	 18.000000 	 9.375565
0	30111	2 	 LowerBoundDemand 	 None 	 15.000000 	 7.671406
0	30006	1 	 LowerBound 	 None 	 19.000000 	 10.255253
0	30006	1 	 LowerBoundDemand 	 None 	 14.000000 	 6.978093
0	30311	2 	 LowerBound 	 None 	 54.000000 	 20.008529
0	30311	2 	 LowerBoundDemand 	 None 	 44.000000 	 16.337480
0	30321	2 	 LowerBound 	 None 	 43.000000 	 21.971602
0	30321	2 	 LowerBoundDemand 	 None 	 35.000000 	 17.922027
0	30206	1 	 LowerBound 	 None 	 51.000000 	 22.069830
0	30206	1 	 LowerBoundDemand 	 None 	 34.000000 	 14.590347
0	30216	1 	 LowerBound 	 None 	 56.000000 	 21.674201
0	30216	1 	 LowerBoundDemand 	 None 	 39.000000 	 14.494135
0	30301	2 	 LowerBound 	 None 	 51.000000 	 20.731554
0	30301	2 	 LowerBoundDemand 	 None 	 41.000000 	 16.836012
0	30102	2 	 LowerBound 	 None 	 19.000000 	 8.147643
0	30102	2 	 LowerBoundDemand 	 None 	 16.000000 	 6.666180
0	30017	1 	 LowerBound 	 None 	 22.000000 	 10.537367
0	30017	1 	 LowerBoundDemand 	 None 	 15.000000 	 7.347562
0	30122	2 	 LowerBound 	 None 	 16.000000 	 8.615433
0	30122	2 	 LowerBoundDemand 	 None 	 13.000000 	 7.068270
0	30112	2 	 LowerBound 	 None 	 15.000000 	 8.382083
0	30112	2 	 LowerBoundDemand 	 None 	 12.000000 	 6.873105
0	30007	1 	 LowerBound 	 None 	 17.000000 	 8.985461
0	30007	1 	 LowerBoundDemand 	 None 	 12.000000 	 6.134735
0	30312	2 	 LowerBound 	 None 	 54.000000 	 20.935585
0	30312	2 	 LowerBoundDemand 	 None 	 44.000000 	 17.047210
0	30322	2 	 LowerBound 	 None 	 49.000000 	 17.471169
0	30322	2 	 LowerBoundDemand 	 None 	 40.000000 	 14.222130
0	30207	1 	 LowerBound 	 None 	 45.000000 	 20.634673
0	30207	1 	 LowerBoundDemand 	 None 	 29.000000 	 13.577475
0	30217	1 	 LowerBound 	 None 	 52.000000 	 27.588896
0	30217	1 	 LowerBoundDemand 	 None 	 35.000000 	 18.528169
0	30302	2 	 LowerBound 	 None 	 49.000000 	 16.156136
0	30302	2 	 LowerBoundDemand 	 None 	 40.000000 	 13.203539
0	30103	2 	 LowerBound 	 None 	 14.000000 	 8.346521
0	30103	2 	 LowerBoundDemand 	 None 	 11.000000 	 6.860318
0	30018	1 	 LowerBound 	 None 	 18.000000 	 9.840545
0	30018	1 	 LowerBoundDemand 	 None 	 13.000000 	 6.905746
0	30123	2 	 LowerBound 	 None 	 17.000000 	 8.495465
0	30123	2 	 LowerBoundDemand 	 None 	 14.000000 	 6.959372
0	30113	2 	 LowerBound 	 None 	 17.000000 	 8.299613
0	30113	2 	 LowerBoundDemand 	 None 	 14.000000 	 6.858263
0	30008	1 	 LowerBound 	 None 	 19.000000 	 9.150924
0	30008	1 	 LowerBoundDemand 	 None 	 13.000000 	 6.188849
0	30313	2 	 LowerBound 	 None 	 53.000000 	 21.121882
0	30313	2 	 LowerBoundDemand 	 None 	 43.000000 	 17.222444
0	30323	2 	 LowerBound 	 None 	 45.000000 	 20.609924
0	30323	2 	 LowerBoundDemand 	 None 	 36.000000 	 16.787634
0	30208	1 	 LowerBound 	 None 	 53.000000 	 26.099543
0	30208	1 	 LowerBoundDemand 	 None 	 34.000000 	 17.381866
0	30218	1 	 LowerBound 	 None 	 57.000000 	 25.481321
0	30218	1 	 LowerBoundDemand 	 None 	 38.000000 	 16.760271
0	30303	2 	 LowerBound 	 None 	 57.000000 	 22.725909
0	30303	2 	 LowerBoundDemand 	 None 	 46.000000 	 18.521510
0	30104	2 	 LowerBound 	 None 	 15.000000 	 8.816843
0	30104	2 	 LowerBoundDemand 	 None 	 12.000000 	 7.298499
0	30019	1 	 LowerBound 	 None 	 17.000000 	 9.902356
0	30019	1 	 LowerBoundDemand 	 None 	 12.000000 	 6.641638
0	30124	2 	 LowerBound 	 None 	 18.000000 	 9.911424
0	30124	2 	 LowerBoundDemand 	 None 	 15.000000 	 8.117852
0	30114	2 	 LowerBound 	 None 	 16.000000 	 7.031267
0	30114	2 	 LowerBoundDemand 	 None 	 13.000000 	 5.769506
0	30009	1 	 LowerBound 	 None 	 18.000000 	 10.392923
0	30009	1 	 LowerBoundDemand 	 None 	 12.000000 	 7.168260
0	30314	2 	 LowerBound 	 None 	 42.000000 	 15.654089
0	30314	2 	 LowerBoundDemand 	 None 	 34.000000 	 12.768579
0	30324	2 	 LowerBound 	 None 	 46.000000 	 21.142827
0	30324	2 	 LowerBoundDemand 	 None 	 38.000000 	 17.214177
0	30209	1 	 LowerBound 	 None 	 46.000000 	 21.157186
0	30209	1 	 LowerBoundDemand 	 None 	 31.000000 	 13.899212
0	30219	1 	 LowerBound 	 None 	 49.000000 	 21.905854
0	30219	1 	 LowerBoundDemand 	 None 	 31.000000 	 13.891557
0	30304	2 	 LowerBound 	 None 	 48.000000 	 20.536524
0	30304	2 	 LowerBoundDemand 	 None 	 39.000000 	 16.707748
0	30400	1 	 LowerBound 	 None 	 8.000000 	 3.032716
0	30400	1 	 LowerBoundDemand 	 None 	 5.000000 	 2.218048
0	30410	1 	 LowerBound 	 None 	 8.000000 	 3.085453
0	30410	1 	 LowerBoundDemand 	 None 	 6.000000 	 2.243607
0	30420	1 	 LowerBound 	 None 	 7.000000 	 2.796050
0	30420	1 	 LowerBoundDemand 	 None 	 5.000000 	 2.038095
0	30505	2 	 LowerBound 	 None 	 8.000000 	 2.903256
0	30505	2 	 LowerBoundDemand 	 None 	 6.000000 	 2.478141
0	30515	2 	 LowerBound 	 None 	 8.000000 	 2.963481
0	30515	2 	 LowerBoundDemand 	 None 	 7.000000 	 2.484157
0	30600	1 	 LowerBound 	 None 	 24.000000 	 11.781792
0	30600	1 	 LowerBoundDemand 	 None 	 17.000000 	 8.077420
0	30610	1 	 LowerBound 	 None 	 20.000000 	 12.812402
0	30610	1 	 LowerBoundDemand 	 None 	 14.000000 	 8.550250
0	30620	1 	 LowerBound 	 None 	 19.000000 	 11.527733
0	30620	1 	 LowerBoundDemand 	 None 	 13.000000 	 7.910569
0	30715	2 	 LowerBound 	 None 	 19.000000 	 9.717416
0	30715	2 	 LowerBoundDemand 	 None 	 16.000000 	 8.005074
0	30705	2 	 LowerBound 	 None 	 20.000000 	 10.880454
0	30705	2 	 LowerBoundDemand 	 None 	 16.000000 	 8.956981
0	30401	1 	 LowerBound 	 None 	 10.000000 	 3.086970
0	30401	1 	 LowerBoundDemand 	 None 	 7.000000 	 2.208264
0	30411	1 	 LowerBound 	 None 	 9.000000 	 2.935633
0	30411	1 	 LowerBoundDemand 	 None 	 6.000000 	 2.153440
0	30421	1 	 LowerBound 	 None 	 8.000000 	 3.391240
0	30421	1 	 LowerBoundDemand 	 None 	 6.000000 	 2.404617
0	30506	2 	 LowerBound 	 None 	 7.000000 	 2.771208
0	30506	2 	 LowerBoundDemand 	 None 	 6.000000 	 2.343501
0	30516	2 	 LowerBound 	 None 	 6.000000 	 2.680948
0	30516	2 	 LowerBoundDemand 	 None 	 5.000000 	 2.229691
0	30601	1 	 LowerBound 	 None 	 21.000000 	 10.076363
0	30601	1 	 LowerBoundDemand 	 None 	 15.000000 	 6.898015
0	30611	1 	 LowerBound 	 None 	 25.000000 	 10.580497
0	30611	1 	 LowerBoundDemand 	 None 	 17.000000 	 7.272180
0	30621	1 	 LowerBound 	 None 	 18.000000 	 10.266149
0	30621	1 	 LowerBoundDemand 	 None 	 12.000000 	 6.806781
0	30716	2 	 LowerBound 	 None 	 16.000000 	 9.393009
0	30716	2 	 LowerBoundDemand 	 None 	 13.000000 	 7.725459
0	30706	2 	 LowerBound 	 None 	 18.000000 	 9.172719
0	30706	2 	 LowerBoundDemand 	 None 	 15.000000 	 7.536988
0	30402	1 	 LowerBound 	 None 	 11.000000 	 2.945954
0	30402	1 	 LowerBoundDemand 	 None 	 8.000000 	 2.198424
0	30412	1 	 LowerBound 	 None 	 8.000000 	 2.764259
0	30412	1 	 LowerBoundDemand 	 None 	 6.000000 	 2.059792
0	30422	1 	 LowerBound 	 None 	 7.000000 	 2.790153
0	30422	1 	 LowerBoundDemand 	 None 	 5.000000 	 2.027036
0	30507	2 	 LowerBound 	 None 	 8.000000 	 2.927493
0	30507	2 	 LowerBoundDemand 	 None 	 7.000000 	 2.417844
0	30517	2 	 LowerBound 	 None 	 8.000000 	 2.683810
0	30517	2 	 LowerBoundDemand 	 None 	 7.000000 	 2.287902
0	30602	1 	 LowerBound 	 None 	 21.000000 	 10.642802
0	30602	1 	 LowerBoundDemand 	 None 	 15.000000 	 7.283487
0	30612	1 	 LowerBound 	 None 	 22.000000 	 11.124122
0	30612	1 	 LowerBoundDemand 	 None 	 15.000000 	 7.443689
0	30622	1 	 LowerBound 	 None 	 17.000000 	 8.732807
0	30622	1 	 LowerBoundDemand 	 None 	 12.000000 	 5.888585
0	30707	2 	 LowerBound 	 None 	 17.000000 	 9.839064
0	30707	2 	 LowerBoundDemand 	 None 	 14.000000 	 8.090499
0	30717	2 	 LowerBound 	 None 	 20.000000 	 9.655163
0	30717	2 	 LowerBoundDemand 	 None 	 16.000000 	 7.899716
0	30403	1 	 LowerBound 	 None 	 7.000000 	 2.777782
0	30403	1 	 LowerBoundDemand 	 None 	 6.000000 	 2.057307
0	30413	1 	 LowerBound 	 None 	 7.000000 	 2.684611
0	30413	1 	 LowerBoundDemand 	 None 	 5.000000 	 2.050647
0	30423	1 	 LowerBound 	 None 	 9.000000 	 2.866168
0	30423	1 	 LowerBoundDemand 	 None 	 6.000000 	 2.109501
0	30508	2 	 LowerBound 	 None 	 7.000000 	 2.834850
0	30508	2 	 LowerBoundDemand 	 None 	 5.000000 	 2.383734
0	30518	2 	 LowerBound 	 None 	 7.000000 	 2.479217
0	30518	2 	 LowerBoundDemand 	 None 	 6.000000 	 2.114283
0	30603	1 	 LowerBound 	 None 	 19.000000 	 9.489331
0	30603	1 	 LowerBoundDemand 	 None 	 13.000000 	 6.361236
0	30613	1 	 LowerBound 	 None 	 22.000000 	 9.993197
0	30613	1 	 LowerBoundDemand 	 None 	 15.000000 	 6.753364
0	30623	1 	 LowerBound 	 None 	 19.000000 	 8.214363
0	30623	1 	 LowerBoundDemand 	 None 	 13.000000 	 5.513554
0	30708	2 	 LowerBound 	 None 	 19.000000 	 10.414120
0	30708	2 	 LowerBoundDemand 	 None 	 16.000000 	 8.551794
0	30718	2 	 LowerBound 	 None 	 19.000000 	 10.969217
0	30718	2 	 LowerBoundDemand 	 None 	 16.000000 	 8.967393
0	30404	1 	 LowerBound 	 None 	 8.000000 	 2.831954
0	30404	1 	 LowerBoundDemand 	 None 	 5.000000 	 2.062495
0	30414	1 	 LowerBound 	 None 	 8.000000 	 3.198669
0	30414	1 	 LowerBoundDemand 	 None 	 6.000000 	 2.394258
0	30424	1 	 LowerBound 	 None 	 10.000000 	 3.162739
0	30424	1 	 LowerBoundDemand 	 None 	 7.000000 	 2.349450
0	30509	2 	 LowerBound 	 None 	 7.000000 	 2.714127
0	30509	2 	 LowerBoundDemand 	 None 	 6.000000 	 2.254727
0	30519	2 	 LowerBound 	 None 	 7.000000 	 2.401241
0	30519	2 	 LowerBoundDemand 	 None 	 6.000000 	 2.039329
0	30604	1 	 LowerBound 	 None 	 22.000000 	 11.122767
0	30604	1 	 LowerBoundDemand 	 None 	 14.000000 	 7.515862
0	30614	1 	 LowerBound 	 None 	 15.000000 	 8.817769
0	30614	1 	 LowerBoundDemand 	 None 	 10.000000 	 5.995663
0	30624	1 	 LowerBound 	 None 	 20.000000 	 10.281059
0	30624	1 	 LowerBoundDemand 	 None 	 14.000000 	 6.991594
0	30709	2 	 LowerBound 	 None 	 17.000000 	 10.815018
0	30709	2 	 LowerBoundDemand 	 None 	 14.000000 	 8.857645
0	30719	2 	 LowerBound 	 None 	 21.000000 	 11.654838
0	30719	2 	 LowerBoundDemand 	 None 	 17.000000 	 9.527023
0	30405	1 	 LowerBound 	 None 	 9.000000 	 2.935041
0	30405	1 	 LowerBoundDemand 	 None 	 6.000000 	 2.161592
0	30415	1 	 LowerBound 	 None 	 7.000000 	 2.842707
0	30415	1 	 LowerBoundDemand 	 None 	 6.000000 	 2.067433
0	30500	2 	 LowerBound 	 None 	 8.000000 	 2.594587
0	30500	2 	 LowerBoundDemand 	 None 	 6.000000 	 2.229749
0	30510	2 	 LowerBound 	 None 	 9.000000 	 2.764467
0	30510	2 	 LowerBoundDemand 	 None 	 8.000000 	 2.318106
0	30520	2 	 LowerBound 	 None 	 8.000000 	 2.821521
0	30520	2 	 LowerBoundDemand 	 None 	 7.000000 	 2.400239
0	30605	1 	 LowerBound 	 None 	 21.000000 	 11.584735
0	30605	1 	 LowerBoundDemand 	 None 	 14.000000 	 8.028341
0	30615	1 	 LowerBound 	 None 	 18.000000 	 9.702231
0	30615	1 	 LowerBoundDemand 	 None 	 12.000000 	 6.594470
0	30700	2 	 LowerBound 	 None 	 20.000000 	 10.226404
0	30700	2 	 LowerBoundDemand 	 None 	 16.000000 	 8.395216
0	30710	2 	 LowerBound 	 None 	 20.000000 	 8.435424
0	30710	2 	 LowerBoundDemand 	 None 	 16.000000 	 6.946111
0	30720	2 	 LowerBound 	 None 	 17.000000 	 8.759453
0	30720	2 	 LowerBoundDemand 	 None 	 14.000000 	 7.220290
0	30406	1 	 LowerBound 	 None 	 9.000000 	 3.111746
0	30406	1 	 LowerBoundDemand 	 None 	 7.000000 	 2.321457
0	30416	1 	 LowerBound 	 None 	 10.000000 	 2.942466
0	30416	1 	 LowerBoundDemand 	 None 	 7.000000 	 2.262697
0	30511	2 	 LowerBound 	 None 	 7.000000 	 2.484339
0	30511	2 	 LowerBoundDemand 	 None 	 6.000000 	 2.103965
0	30501	2 	 LowerBound 	 None 	 7.000000 	 2.670874
0	30501	2 	 LowerBoundDemand 	 None 	 6.000000 	 2.248878
0	30521	2 	 LowerBound 	 None 	 7.000000 	 2.793167
0	30521	2 	 LowerBoundDemand 	 None 	 6.000000 	 2.342462
0	30606	1 	 LowerBound 	 None 	 19.000000 	 10.127735
0	30606	1 	 LowerBoundDemand 	 None 	 13.000000 	 6.921192
0	30616	1 	 LowerBound 	 None 	 21.000000 	 11.096358
0	30616	1 	 LowerBoundDemand 	 None 	 13.000000 	 7.471899
0	30701	2 	 LowerBound 	 None 	 14.000000 	 8.987903
0	30701	2 	 LowerBoundDemand 	 None 	 12.000000 	 7.408604
0	30711	2 	 LowerBound 	 None 	 16.000000 	 7.494757
0	30711	2 	 LowerBoundDemand 	 None 	 13.000000 	 6.166719
0	30721	2 	 LowerBound 	 None 	 18.000000 	 9.132573
0	30721	2 	 LowerBoundDemand 	 None 	 15.000000 	 7.511939
0	30407	1 	 LowerBound 	 None 	 8.000000 	 2.726870
0	30407	1 	 LowerBoundDemand 	 None 	 5.000000 	 2.064424
0	30417	1 	 LowerBound 	 None 	 7.000000 	 2.792738
0	30417	1 	 LowerBoundDemand 	 None 	 5.000000 	 2.088797
0	30512	2 	 LowerBound 	 None 	 8.000000 	 2.871564
0	30512	2 	 LowerBoundDemand 	 None 	 7.000000 	 2.418520
0	30502	2 	 LowerBound 	 None 	 8.000000 	 2.908507
0	30502	2 	 LowerBoundDemand 	 None 	 6.000000 	 2.447823
0	30522	2 	 LowerBound 	 None 	 8.000000 	 2.514330
0	30522	2 	 LowerBoundDemand 	 None 	 7.000000 	 2.117208
0	30607	1 	 LowerBound 	 None 	 16.000000 	 8.965429
0	30607	1 	 LowerBoundDemand 	 None 	 11.000000 	 5.847929
0	30617	1 	 LowerBound 	 None 	 19.000000 	 9.950307
0	30617	1 	 LowerBoundDemand 	 None 	 13.000000 	 6.574710
0	30702	2 	 LowerBound 	 None 	 18.000000 	 10.027975
0	30702	2 	 LowerBoundDemand 	 None 	 15.000000 	 8.217795
0	30712	2 	 LowerBound 	 None 	 17.000000 	 8.758997
0	30712	2 	 LowerBoundDemand 	 None 	 14.000000 	 7.214625
0	30722	2 	 LowerBound 	 None 	 19.000000 	 10.295514
0	30722	2 	 LowerBoundDemand 	 None 	 15.000000 	 8.455404
0	30408	1 	 LowerBound 	 None 	 7.000000 	 2.403918
0	30408	1 	 LowerBoundDemand 	 None 	 5.000000 	 1.811913
0	30418	1 	 LowerBound 	 None 	 9.000000 	 2.921618
0	30418	1 	 LowerBoundDemand 	 None 	 6.000000 	 2.153257
0	30513	2 	 LowerBound 	 None 	 7.000000 	 2.754163
0	30513	2 	 LowerBoundDemand 	 None 	 6.000000 	 2.314558
0	30503	2 	 LowerBound 	 None 	 7.000000 	 2.707175
0	30503	2 	 LowerBoundDemand 	 None 	 6.000000 	 2.299458
0	30523	2 	 LowerBound 	 None 	 7.000000 	 2.846443
0	30523	2 	 LowerBoundDemand 	 None 	 6.000000 	 2.378068
0	30608	1 	 LowerBound 	 None 	 20.000000 	 8.814898
0	30608	1 	 LowerBoundDemand 	 None 	 13.000000 	 5.865747
0	30618	1 	 LowerBound 	 None 	 27.000000 	 12.546712
0	30618	1 	 LowerBoundDemand 	 None 	 19.000000 	 8.612444
0	30703	2 	 LowerBound 	 None 	 16.000000 	 7.132211
0	30703	2 	 LowerBoundDemand 	 None 	 13.000000 	 5.863517
0	30713	2 	 LowerBound 	 None 	 20.000000 	 10.014598
0	30713	2 	 LowerBoundDemand 	 None 	 17.000000 	 8.228767
0	30723	2 	 LowerBound 	 None 	 17.000000 	 8.795483
0	30723	2 	 LowerBoundDemand 	 None 	 14.000000 	 7.211596
0	30409	1 	 LowerBound 	 None 	 7.000000 	 2.776105
0	30409	1 	 LowerBoundDemand 	 None 	 5.000000 	 2.079239
0	30419	1 	 LowerBound 	 None 	 7.000000 	 2.788428
0	30419	1 	 LowerBoundDemand 	 None 	 5.000000 	 2.096451
0	30514	2 	 LowerBound 	 None 	 7.000000 	 2.731482
0	30514	2 	 LowerBoundDemand 	 None 	 6.000000 	 2.293634
0	30504	2 	 LowerBound 	 None 	 8.000000 	 2.901205
0	30504	2 	 LowerBoundDemand 	 None 	 6.000000 	 2.461795
0	30524	2 	 LowerBound 	 None 	 8.000000 	 3.057852
0	30524	2 	 LowerBoundDemand 	 None 	 6.000000 	 2.566928
0	30609	1 	 LowerBound 	 None 	 20.000000 	 9.777563
0	30609	1 	 LowerBoundDemand 	 None 	 13.000000 	 6.596883
0	30619	1 	 LowerBound 	 None 	 22.000000 	 11.089192
0	30619	1 	 LowerBoundDemand 	 None 	 14.000000 	 7.415373
0	30704	2 	 LowerBound 	 None 	 18.000000 	 9.871427
0	30704	2 	 LowerBoundDemand 	 None 	 15.000000 	 8.101245
0	30714	2 	 LowerBound 	 None 	 16.000000 	 8.947536
0	30714	2 	 LowerBoundDemand 	 None 	 13.000000 	 7.361993
0	30724	2 	 LowerBound 	 None 	 16.000000 	 8.954607
0	30724	2 	 LowerBoundDemand 	 None 	 13.000000 	 7.377222
0	30800	1 	 LowerBound 	 None 	 18.000000 	 10.351579
0	30800	1 	 LowerBoundDemand 	 None 	 13.000000 	 7.033859
0	30810	1 	 LowerBound 	 None 	 19.000000 	 9.390449
0	30810	1 	 LowerBoundDemand 	 None 	 13.000000 	 6.372626
0	30905	2 	 LowerBound 	 None 	 16.000000 	 8.496219
0	30905	2 	 LowerBoundDemand 	 None 	 13.000000 	 6.978333
0	30820	1 	 LowerBound 	 None 	 19.000000 	 10.501607
0	30820	1 	 LowerBoundDemand 	 None 	 14.000000 	 7.115844
0	30915	2 	 LowerBound 	 None 	 19.000000 	 8.890493
0	30915	2 	 LowerBoundDemand 	 None 	 15.000000 	 7.289657
0	31000	1 	 LowerBound 	 None 	 51.000000 	 23.398109
0	31000	1 	 LowerBoundDemand 	 None 	 34.000000 	 15.631574
0	31010	1 	 LowerBound 	 None 	 59.000000 	 28.506792
0	31010	1 	 LowerBoundDemand 	 None 	 39.000000 	 18.993400
0	31020	1 	 LowerBound 	 None 	 52.000000 	 26.859433
0	31020	1 	 LowerBoundDemand 	 None 	 33.000000 	 17.450300
0	31105	2 	 LowerBound 	 None 	 51.000000 	 24.760820
0	31105	2 	 LowerBoundDemand 	 None 	 41.000000 	 20.205355
0	31115	2 	 LowerBound 	 None 	 48.000000 	 21.187626
0	31115	2 	 LowerBoundDemand 	 None 	 39.000000 	 17.210703
0	30801	1 	 LowerBound 	 None 	 20.000000 	 9.820648
0	30801	1 	 LowerBoundDemand 	 None 	 13.000000 	 6.669208
0	30811	1 	 LowerBound 	 None 	 20.000000 	 9.822295
0	30811	1 	 LowerBoundDemand 	 None 	 13.000000 	 6.716693
0	30906	2 	 LowerBound 	 None 	 17.000000 	 8.881508
0	30906	2 	 LowerBoundDemand 	 None 	 14.000000 	 7.328468
0	30821	1 	 LowerBound 	 None 	 17.000000 	 9.437071
0	30821	1 	 LowerBoundDemand 	 None 	 12.000000 	 6.374116
0	30916	2 	 LowerBound 	 None 	 18.000000 	 8.954490
0	30916	2 	 LowerBoundDemand 	 None 	 14.000000 	 7.335125
0	31001	1 	 LowerBound 	 None 	 54.000000 	 26.160043
0	31001	1 	 LowerBoundDemand 	 None 	 36.000000 	 17.458335
0	31011	1 	 LowerBound 	 None 	 54.000000 	 22.746633
0	31011	1 	 LowerBoundDemand 	 None 	 37.000000 	 15.062048
0	31021	1 	 LowerBound 	 None 	 58.000000 	 21.003333
0	31021	1 	 LowerBoundDemand 	 None 	 38.000000 	 13.907469
0	31106	2 	 LowerBound 	 None 	 50.000000 	 21.257957
0	31106	2 	 LowerBoundDemand 	 None 	 40.000000 	 17.287503
0	31116	2 	 LowerBound 	 None 	 51.000000 	 18.418046
0	31116	2 	 LowerBoundDemand 	 None 	 42.000000 	 14.977224
0	30802	1 	 LowerBound 	 None 	 18.000000 	 9.794098
0	30802	1 	 LowerBoundDemand 	 None 	 12.000000 	 6.691373
0	30812	1 	 LowerBound 	 None 	 17.000000 	 8.641734
0	30812	1 	 LowerBoundDemand 	 None 	 12.000000 	 5.951110
0	30907	2 	 LowerBound 	 None 	 17.000000 	 9.008647
0	30907	2 	 LowerBoundDemand 	 None 	 14.000000 	 7.391652
0	30822	1 	 LowerBound 	 None 	 15.000000 	 9.923426
0	30822	1 	 LowerBoundDemand 	 None 	 10.000000 	 6.659301
0	30917	2 	 LowerBound 	 None 	 17.000000 	 9.700122
0	30917	2 	 LowerBoundDemand 	 None 	 14.000000 	 7.952998
0	31002	1 	 LowerBound 	 None 	 58.000000 	 23.556835
0	31002	1 	 LowerBoundDemand 	 None 	 38.000000 	 15.570737
0	31012	1 	 LowerBound 	 None 	 56.000000 	 27.063266
0	31012	1 	 LowerBoundDemand 	 None 	 36.000000 	 17.832603
0	31022	1 	 LowerBound 	 None 	 59.000000 	 26.470784
0	31022	1 	 LowerBoundDemand 	 None 	 39.000000 	 17.305930
0	31107	2 	 LowerBound 	 None 	 50.000000 	 23.105087
0	31107	2 	 LowerBoundDemand 	 None 	 41.000000 	 18.825010
0	31117	2 	 LowerBound 	 None 	 51.000000 	 25.493848
0	31117	2 	 LowerBoundDemand 	 None 	 42.000000 	 20.775317
0	30803	1 	 LowerBound 	 None 	 17.000000 	 8.773544
0	30803	1 	 LowerBoundDemand 	 None 	 11.000000 	 5.934154
0	30813	1 	 LowerBound 	 None 	 20.000000 	 9.334288
0	30813	1 	 LowerBoundDemand 	 None 	 14.000000 	 6.357045
0	30908	2 	 LowerBound 	 None 	 15.000000 	 8.977198
0	30908	2 	 LowerBoundDemand 	 None 	 12.000000 	 7.367148
0	30823	1 	 LowerBound 	 None 	 23.000000 	 10.069889
0	30823	1 	 LowerBoundDemand 	 None 	 16.000000 	 6.765175
0	30918	2 	 LowerBound 	 None 	 19.000000 	 9.402674
0	30918	2 	 LowerBoundDemand 	 None 	 15.000000 	 7.729345
0	31003	1 	 LowerBound 	 None 	 56.000000 	 29.310412
0	31003	1 	 LowerBoundDemand 	 None 	 38.000000 	 19.323158
0	31023	1 	 LowerBound 	 None 	 52.000000 	 20.098069
0	31023	1 	 LowerBoundDemand 	 None 	 34.000000 	 13.316322
0	31013	1 	 LowerBound 	 None 	 56.000000 	 30.768093
0	31013	1 	 LowerBoundDemand 	 None 	 37.000000 	 20.174609
0	31108	2 	 LowerBound 	 None 	 55.000000 	 27.652247
0	31108	2 	 LowerBoundDemand 	 None 	 45.000000 	 22.549487
0	31118	2 	 LowerBound 	 None 	 46.000000 	 21.477980
0	31118	2 	 LowerBoundDemand 	 None 	 37.000000 	 17.542691
0	30814	1 	 LowerBound 	 None 	 18.000000 	 9.343774
0	30814	1 	 LowerBoundDemand 	 None 	 12.000000 	 6.200799
0	30804	1 	 LowerBound 	 None 	 16.000000 	 9.608321
0	30804	1 	 LowerBoundDemand 	 None 	 11.000000 	 6.566341
0	30824	1 	 LowerBound 	 None 	 17.000000 	 9.038578
0	30824	1 	 LowerBoundDemand 	 None 	 11.000000 	 6.187092
0	30909	2 	 LowerBound 	 None 	 21.000000 	 10.210535
0	30909	2 	 LowerBoundDemand 	 None 	 17.000000 	 8.373955
0	30919	2 	 LowerBound 	 None 	 18.000000 	 9.743921
0	30919	2 	 LowerBoundDemand 	 None 	 14.000000 	 7.996744
0	31004	1 	 LowerBound 	 None 	 48.000000 	 22.401926
0	31004	1 	 LowerBoundDemand 	 None 	 31.000000 	 14.551079
0	31024	1 	 LowerBound 	 None 	 63.000000 	 28.107387
0	31024	1 	 LowerBoundDemand 	 None 	 42.000000 	 18.547755
0	31014	1 	 LowerBound 	 None 	 52.000000 	 24.083348
0	31014	1 	 LowerBoundDemand 	 None 	 34.000000 	 15.530504
0	31109	2 	 LowerBound 	 None 	 52.000000 	 22.119824
0	31109	2 	 LowerBoundDemand 	 None 	 43.000000 	 17.993045
0	31119	2 	 LowerBound 	 None 	 49.000000 	 26.445011
0	31119	2 	 LowerBoundDemand 	 None 	 40.000000 	 21.534139
0	30815	1 	 LowerBound 	 None 	 16.000000 	 8.852292
0	30815	1 	 LowerBoundDemand 	 None 	 11.000000 	 6.070006
0	30805	1 	 LowerBound 	 None 	 18.000000 	 9.826747
0	30805	1 	 LowerBoundDemand 	 None 	 13.000000 	 6.691740
0	30900	2 	 LowerBound 	 None 	 19.000000 	 8.500948
0	30900	2 	 LowerBoundDemand 	 None 	 15.000000 	 6.983868
0	30910	2 	 LowerBound 	 None 	 21.000000 	 10.420003
0	30910	2 	 LowerBoundDemand 	 None 	 17.000000 	 8.520959
0	30920	2 	 LowerBound 	 None 	 16.000000 	 8.385534
0	30920	2 	 LowerBoundDemand 	 None 	 13.000000 	 6.901679
0	31005	1 	 LowerBound 	 None 	 59.000000 	 24.963636
0	31005	1 	 LowerBoundDemand 	 None 	 38.000000 	 16.331977
0	31100	2 	 LowerBound 	 None 	 51.000000 	 21.678277
0	31100	2 	 LowerBoundDemand 	 None 	 41.000000 	 17.629444
0	31015	1 	 LowerBound 	 None 	 55.000000 	 22.799386
0	31015	1 	 LowerBoundDemand 	 None 	 36.000000 	 15.164966
0	31110	2 	 LowerBound 	 None 	 57.000000 	 26.384289
0	31110	2 	 LowerBoundDemand 	 None 	 46.000000 	 21.433690
0	31120	2 	 LowerBound 	 None 	 54.000000 	 26.999983
0	31120	2 	 LowerBoundDemand 	 None 	 44.000000 	 21.970677
0	30816	1 	 LowerBound 	 None 	 20.000000 	 10.266063
0	30816	1 	 LowerBoundDemand 	 None 	 13.000000 	 6.907849
0	30806	1 	 LowerBound 	 None 	 19.000000 	 9.603453
0	30806	1 	 LowerBoundDemand 	 None 	 13.000000 	 6.592887
0	30901	2 	 LowerBound 	 None 	 15.000000 	 8.620493
0	30901	2 	 LowerBoundDemand 	 None 	 12.000000 	 7.058650
0	30911	2 	 LowerBound 	 None 	 18.000000 	 8.635815
0	30911	2 	 LowerBoundDemand 	 None 	 14.000000 	 7.126319
0	30921	2 	 LowerBound 	 None 	 17.000000 	 9.521905
0	30921	2 	 LowerBoundDemand 	 None 	 14.000000 	 7.813799
0	31006	1 	 LowerBound 	 None 	 58.000000 	 24.883490
0	31006	1 	 LowerBoundDemand 	 None 	 39.000000 	 16.474678
0	31101	2 	 LowerBound 	 None 	 48.000000 	 25.611278
0	31101	2 	 LowerBoundDemand 	 None 	 39.000000 	 20.868226
0	31016	1 	 LowerBound 	 None 	 62.000000 	 28.119179
0	31016	1 	 LowerBoundDemand 	 None 	 42.000000 	 18.943286
0	31111	2 	 LowerBound 	 None 	 48.000000 	 25.554784
0	31111	2 	 LowerBoundDemand 	 None 	 39.000000 	 20.838609
0	31121	2 	 LowerBound 	 None 	 51.000000 	 24.643515
0	31121	2 	 LowerBoundDemand 	 None 	 42.000000 	 20.008829
0	30817	1 	 LowerBound 	 None 	 19.000000 	 9.564592
0	30817	1 	 LowerBoundDemand 	 None 	 13.000000 	 6.340274
0	30807	1 	 LowerBound 	 None 	 16.000000 	 9.352817
0	30807	1 	 LowerBoundDemand 	 None 	 11.000000 	 6.233221
0	30902	2 	 LowerBound 	 None 	 18.000000 	 7.996604
0	30902	2 	 LowerBoundDemand 	 None 	 15.000000 	 6.551579
0	30912	2 	 LowerBound 	 None 	 20.000000 	 9.452798
0	30912	2 	 LowerBoundDemand 	 None 	 16.000000 	 7.792962
0	30922	2 	 LowerBound 	 None 	 16.000000 	 7.951872
0	30922	2 	 LowerBoundDemand 	 None 	 13.000000 	 6.506438
0	31007	1 	 LowerBound 	 None 	 47.000000 	 26.222893
0	31007	1 	 LowerBoundDemand 	 None 	 31.000000 	 17.210666
0	31102	2 	 LowerBound 	 None 	 50.000000 	 23.367501
0	31102	2 	 LowerBoundDemand 	 None 	 41.000000 	 19.055141
0	31017	1 	 LowerBound 	 None 	 50.000000 	 27.862101
0	31017	1 	 LowerBoundDemand 	 None 	 33.000000 	 18.278306
0	31112	2 	 LowerBound 	 None 	 53.000000 	 23.315202
0	31112	2 	 LowerBoundDemand 	 None 	 43.000000 	 18.999011
0	31122	2 	 LowerBound 	 None 	 57.000000 	 28.105536
0	31122	2 	 LowerBoundDemand 	 None 	 46.000000 	 22.868895
0	30818	1 	 LowerBound 	 None 	 16.000000 	 9.653848
0	30818	1 	 LowerBoundDemand 	 None 	 12.000000 	 6.627789
0	30808	1 	 LowerBound 	 None 	 21.000000 	 10.803508
0	30808	1 	 LowerBoundDemand 	 None 	 14.000000 	 7.179268
0	30903	2 	 LowerBound 	 None 	 18.000000 	 8.924853
0	30903	2 	 LowerBoundDemand 	 None 	 14.000000 	 7.307634
0	30913	2 	 LowerBound 	 None 	 19.000000 	 9.613831
0	30913	2 	 LowerBoundDemand 	 None 	 15.000000 	 7.875452
0	30923	2 	 LowerBound 	 None 	 16.000000 	 8.838747
0	30923	2 	 LowerBoundDemand 	 None 	 13.000000 	 7.243742
0	31008	1 	 LowerBound 	 None 	 54.000000 	 16.782060
0	31008	1 	 LowerBoundDemand 	 None 	 35.000000 	 10.977566
0	31103	2 	 LowerBound 	 None 	 47.000000 	 22.572181
0	31103	2 	 LowerBoundDemand 	 None 	 38.000000 	 18.327845
0	31018	1 	 LowerBound 	 None 	 65.000000 	 27.223981
0	31018	1 	 LowerBoundDemand 	 None 	 43.000000 	 18.147818
0	31113	2 	 LowerBound 	 None 	 48.000000 	 25.131726
0	31113	2 	 LowerBoundDemand 	 None 	 39.000000 	 20.455527
0	30819	1 	 LowerBound 	 None 	 21.000000 	 10.853880
0	30819	1 	 LowerBoundDemand 	 None 	 16.000000 	 7.460799
0	31123	2 	 LowerBound 	 None 	 46.000000 	 22.297722
0	31123	2 	 LowerBoundDemand 	 None 	 38.000000 	 18.156355
0	30809	1 	 LowerBound 	 None 	 16.000000 	 9.450332
0	30809	1 	 LowerBoundDemand 	 None 	 11.000000 	 6.396110
0	30904	2 	 LowerBound 	 None 	 19.000000 	 8.494915
0	30904	2 	 LowerBoundDemand 	 None 	 15.000000 	 6.983145
0	30914	2 	 LowerBound 	 None 	 23.000000 	 9.419555
0	30914	2 	 LowerBoundDemand 	 None 	 19.000000 	 7.720271
0	30924	2 	 LowerBound 	 None 	 20.000000 	 9.688703
0	30924	2 	 LowerBoundDemand 	 None 	 16.000000 	 7.967240
0	31009	1 	 LowerBound 	 None 	 60.000000 	 31.005468
0	31009	1 	 LowerBoundDemand 	 None 	 39.000000 	 20.363671
0	31104	2 	 LowerBound 	 None 	 56.000000 	 27.346837
0	31104	2 	 LowerBoundDemand 	 None 	 45.000000 	 22.259630
0	31019	1 	 LowerBound 	 None 	 55.000000 	 26.280024
0	31019	1 	 LowerBoundDemand 	 None 	 36.000000 	 17.474576
0	31200	1 	 LowerBound 	 None 	 8.000000 	 2.948061
0	31200	1 	 LowerBoundDemand 	 None 	 5.000000 	 2.201245
0	31114	2 	 LowerBound 	 None 	 56.000000 	 23.382032
0	31114	2 	 LowerBoundDemand 	 None 	 46.000000 	 19.038898
0	31124	2 	 LowerBound 	 None 	 48.000000 	 21.294580
0	31124	2 	 LowerBoundDemand 	 None 	 39.000000 	 17.352179
0	31220	1 	 LowerBound 	 None 	 7.000000 	 2.808646
0	31220	1 	 LowerBoundDemand 	 None 	 5.000000 	 2.093942
0	31210	1 	 LowerBound 	 None 	 9.000000 	 2.869990
0	31210	1 	 LowerBoundDemand 	 None 	 6.000000 	 2.106917
0	31315	2 	 LowerBound 	 None 	 6.000000 	 2.546609
0	31315	2 	 LowerBoundDemand 	 None 	 5.000000 	 2.138506
0	31305	2 	 LowerBound 	 None 	 8.000000 	 3.049641
0	31305	2 	 LowerBoundDemand 	 None 	 6.000000 	 2.542367
0	31400	1 	 LowerBound 	 None 	 23.000000 	 11.440068
0	31400	1 	 LowerBoundDemand 	 None 	 15.000000 	 7.699883
0	31410	1 	 LowerBound 	 None 	 19.000000 	 11.884951
0	31410	1 	 LowerBoundDemand 	 None 	 14.000000 	 8.293721
0	31420	1 	 LowerBound 	 None 	 19.000000 	 9.514373
0	31420	1 	 LowerBoundDemand 	 None 	 12.000000 	 6.555467
0	31201	1 	 LowerBound 	 None 	 8.000000 	 2.658284
0	31201	1 	 LowerBoundDemand 	 None 	 6.000000 	 1.934845
0	31505	2 	 LowerBound 	 None 	 19.000000 	 10.490070
0	31505	2 	 LowerBoundDemand 	 None 	 15.000000 	 8.594885
0	31515	2 	 LowerBound 	 None 	 16.000000 	 9.347993
0	31515	2 	 LowerBoundDemand 	 None 	 13.000000 	 7.685682
0	31221	1 	 LowerBound 	 None 	 8.000000 	 2.549468
0	31221	1 	 LowerBoundDemand 	 None 	 6.000000 	 1.906260
0	31211	1 	 LowerBound 	 None 	 8.000000 	 2.868761
0	31211	1 	 LowerBoundDemand 	 None 	 6.000000 	 2.121185
0	31306	2 	 LowerBound 	 None 	 7.000000 	 2.818058
0	31306	2 	 LowerBoundDemand 	 None 	 6.000000 	 2.397985
0	31316	2 	 LowerBound 	 None 	 8.000000 	 2.662878
0	31316	2 	 LowerBoundDemand 	 None 	 6.000000 	 2.239225
0	31401	1 	 LowerBound 	 None 	 23.000000 	 10.537145
0	31401	1 	 LowerBoundDemand 	 None 	 16.000000 	 7.233562
0	31411	1 	 LowerBound 	 None 	 21.000000 	 10.437688
0	31411	1 	 LowerBoundDemand 	 None 	 14.000000 	 7.066530
0	31421	1 	 LowerBound 	 None 	 19.000000 	 11.713728
0	31421	1 	 LowerBoundDemand 	 None 	 13.000000 	 7.965942
0	31202	1 	 LowerBound 	 None 	 8.000000 	 2.782320
0	31202	1 	 LowerBoundDemand 	 None 	 6.000000 	 2.091326
0	31506	2 	 LowerBound 	 None 	 19.000000 	 10.349847
0	31506	2 	 LowerBoundDemand 	 None 	 16.000000 	 8.459628
0	31516	2 	 LowerBound 	 None 	 16.000000 	 9.217408
0	31516	2 	 LowerBoundDemand 	 None 	 13.000000 	 7.624848
0	31222	1 	 LowerBound 	 None 	 8.000000 	 2.916508
0	31222	1 	 LowerBoundDemand 	 None 	 6.000000 	 2.155669
0	31212	1 	 LowerBound 	 None 	 8.000000 	 2.786068
0	31212	1 	 LowerBoundDemand 	 None 	 5.000000 	 2.072440
0	31317	2 	 LowerBound 	 None 	 7.000000 	 2.780916
0	31317	2 	 LowerBoundDemand 	 None 	 6.000000 	 2.385078
0	31307	2 	 LowerBound 	 None 	 7.000000 	 2.498922
0	31307	2 	 LowerBoundDemand 	 None 	 6.000000 	 2.154297
0	31402	1 	 LowerBound 	 None 	 17.000000 	 9.121012
0	31402	1 	 LowerBoundDemand 	 None 	 13.000000 	 6.154132
0	31412	1 	 LowerBound 	 None 	 20.000000 	 10.341863
0	31412	1 	 LowerBoundDemand 	 None 	 13.000000 	 7.043814
0	31422	1 	 LowerBound 	 None 	 22.000000 	 10.037281
0	31422	1 	 LowerBoundDemand 	 None 	 14.000000 	 6.658043
0	31203	1 	 LowerBound 	 None 	 9.000000 	 2.999832
0	31203	1 	 LowerBoundDemand 	 None 	 7.000000 	 2.213356
0	31507	2 	 LowerBound 	 None 	 20.000000 	 10.651286
0	31507	2 	 LowerBoundDemand 	 None 	 16.000000 	 8.751164
0	31517	2 	 LowerBound 	 None 	 16.000000 	 9.525707
0	31517	2 	 LowerBoundDemand 	 None 	 13.000000 	 7.804131
0	31223	1 	 LowerBound 	 None 	 8.000000 	 3.191554
0	31223	1 	 LowerBoundDemand 	 None 	 6.000000 	 2.319252
0	31213	1 	 LowerBound 	 None 	 7.000000 	 3.079040
0	31213	1 	 LowerBoundDemand 	 None 	 5.000000 	 2.226797
0	31318	2 	 LowerBound 	 None 	 8.000000 	 2.834667
0	31318	2 	 LowerBoundDemand 	 None 	 7.000000 	 2.374281
0	31308	2 	 LowerBound 	 None 	 8.000000 	 2.884041
0	31308	2 	 LowerBoundDemand 	 None 	 6.000000 	 2.418505
0	31403	1 	 LowerBound 	 None 	 22.000000 	 10.998709
0	31403	1 	 LowerBoundDemand 	 None 	 15.000000 	 7.266571
0	31413	1 	 LowerBound 	 None 	 19.000000 	 10.719019
0	31413	1 	 LowerBoundDemand 	 None 	 13.000000 	 7.214312
0	31423	1 	 LowerBound 	 None 	 20.000000 	 10.912968
0	31423	1 	 LowerBoundDemand 	 None 	 14.000000 	 7.497579
0	31204	1 	 LowerBound 	 None 	 8.000000 	 3.007807
0	31204	1 	 LowerBoundDemand 	 None 	 6.000000 	 2.177175
0	31508	2 	 LowerBound 	 None 	 21.000000 	 10.224141
0	31508	2 	 LowerBoundDemand 	 None 	 17.000000 	 8.348913
0	31518	2 	 LowerBound 	 None 	 17.000000 	 10.299748
0	31518	2 	 LowerBoundDemand 	 None 	 14.000000 	 8.441163
0	31224	1 	 LowerBound 	 None 	 9.000000 	 2.869426
0	31224	1 	 LowerBoundDemand 	 None 	 6.000000 	 2.083940
0	31214	1 	 LowerBound 	 None 	 7.000000 	 2.772956
0	31214	1 	 LowerBoundDemand 	 None 	 5.000000 	 2.045015
0	31319	2 	 LowerBound 	 None 	 7.000000 	 2.667875
0	31319	2 	 LowerBoundDemand 	 None 	 6.000000 	 2.219935
0	31309	2 	 LowerBound 	 None 	 8.000000 	 2.887130
0	31309	2 	 LowerBoundDemand 	 None 	 7.000000 	 2.437629
0	31404	1 	 LowerBound 	 None 	 21.000000 	 11.524426
0	31404	1 	 LowerBoundDemand 	 None 	 15.000000 	 7.964913
0	31414	1 	 LowerBound 	 None 	 25.000000 	 12.822603
0	31414	1 	 LowerBoundDemand 	 None 	 18.000000 	 8.724206
0	31424	1 	 LowerBound 	 None 	 17.000000 	 9.573992
0	31424	1 	 LowerBoundDemand 	 None 	 12.000000 	 6.513016
0	31205	1 	 LowerBound 	 None 	 8.000000 	 2.604961
0	31205	1 	 LowerBoundDemand 	 None 	 5.000000 	 1.897768
0	31509	2 	 LowerBound 	 None 	 20.000000 	 9.551323
0	31509	2 	 LowerBoundDemand 	 None 	 16.000000 	 7.813731
0	31519	2 	 LowerBound 	 None 	 16.000000 	 9.000193
0	31519	2 	 LowerBoundDemand 	 None 	 13.000000 	 7.426340
0	31215	1 	 LowerBound 	 None 	 7.000000 	 2.846778
0	31215	1 	 LowerBoundDemand 	 None 	 5.000000 	 2.099364
0	31300	2 	 LowerBound 	 None 	 8.000000 	 2.418923
0	31300	2 	 LowerBoundDemand 	 None 	 6.000000 	 2.052771
0	31320	2 	 LowerBound 	 None 	 8.000000 	 2.779973
0	31320	2 	 LowerBoundDemand 	 None 	 7.000000 	 2.371307
0	31310	2 	 LowerBound 	 None 	 8.000000 	 2.899130
0	31310	2 	 LowerBoundDemand 	 None 	 6.000000 	 2.456746
0	31405	1 	 LowerBound 	 None 	 17.000000 	 9.572502
0	31405	1 	 LowerBoundDemand 	 None 	 11.000000 	 6.387886
0	31415	1 	 LowerBound 	 None 	 20.000000 	 11.120479
0	31415	1 	 LowerBoundDemand 	 None 	 14.000000 	 7.457094
0	31500	2 	 LowerBound 	 None 	 20.000000 	 10.408000
0	31500	2 	 LowerBoundDemand 	 None 	 16.000000 	 8.539584
0	31206	1 	 LowerBound 	 None 	 8.000000 	 2.564571
0	31206	1 	 LowerBoundDemand 	 None 	 6.000000 	 1.936488
0	31510	2 	 LowerBound 	 None 	 20.000000 	 10.030981
0	31510	2 	 LowerBoundDemand 	 None 	 16.000000 	 8.234851
0	31216	1 	 LowerBound 	 None 	 8.000000 	 2.999352
0	31216	1 	 LowerBoundDemand 	 None 	 6.000000 	 2.253996
0	31520	2 	 LowerBound 	 None 	 17.000000 	 9.305508
0	31520	2 	 LowerBoundDemand 	 None 	 14.000000 	 7.633490
0	31301	2 	 LowerBound 	 None 	 8.000000 	 2.679491
0	31301	2 	 LowerBoundDemand 	 None 	 7.000000 	 2.274873
0	31321	2 	 LowerBound 	 None 	 7.000000 	 2.653771
0	31321	2 	 LowerBoundDemand 	 None 	 6.000000 	 2.265456
0	31311	2 	 LowerBound 	 None 	 7.000000 	 2.677395
0	31311	2 	 LowerBoundDemand 	 None 	 6.000000 	 2.257664
0	31406	1 	 LowerBound 	 None 	 20.000000 	 10.995996
0	31406	1 	 LowerBoundDemand 	 None 	 14.000000 	 7.527217
0	31416	1 	 LowerBound 	 None 	 19.000000 	 9.822419
0	31416	1 	 LowerBoundDemand 	 None 	 13.000000 	 6.538821
0	31501	2 	 LowerBound 	 None 	 19.000000 	 9.276379
0	31501	2 	 LowerBoundDemand 	 None 	 15.000000 	 7.602886
0	31207	1 	 LowerBound 	 None 	 9.000000 	 2.755617
0	31207	1 	 LowerBoundDemand 	 None 	 7.000000 	 2.054868
0	31511	2 	 LowerBound 	 None 	 18.000000 	 9.563686
0	31511	2 	 LowerBoundDemand 	 None 	 14.000000 	 7.840873
0	31302	2 	 LowerBound 	 None 	 7.000000 	 2.625216
0	31302	2 	 LowerBoundDemand 	 None 	 6.000000 	 2.205608
0	31521	2 	 LowerBound 	 None 	 19.000000 	 10.413494
0	31521	2 	 LowerBoundDemand 	 None 	 16.000000 	 8.542015
0	31217	1 	 LowerBound 	 None 	 8.000000 	 3.034085
0	31217	1 	 LowerBoundDemand 	 None 	 6.000000 	 2.229320
0	31312	2 	 LowerBound 	 None 	 7.000000 	 2.702899
0	31312	2 	 LowerBoundDemand 	 None 	 6.000000 	 2.280285
0	31322	2 	 LowerBound 	 None 	 7.000000 	 2.768197
0	31322	2 	 LowerBoundDemand 	 None 	 5.000000 	 2.350927
0	31407	1 	 LowerBound 	 None 	 18.000000 	 10.302787
0	31407	1 	 LowerBoundDemand 	 None 	 12.000000 	 6.845814
0	31417	1 	 LowerBound 	 None 	 21.000000 	 9.535838
0	31417	1 	 LowerBoundDemand 	 None 	 15.000000 	 6.470907
0	31208	1 	 LowerBound 	 None 	 7.000000 	 2.982142
0	31208	1 	 LowerBoundDemand 	 None 	 5.000000 	 2.168851
0	31502	2 	 LowerBound 	 None 	 21.000000 	 10.156580
0	31502	2 	 LowerBoundDemand 	 None 	 17.000000 	 8.344132
0	31512	2 	 LowerBound 	 None 	 23.000000 	 9.991434
0	31512	2 	 LowerBoundDemand 	 None 	 19.000000 	 8.214262
0	31303	2 	 LowerBound 	 None 	 7.000000 	 2.673522
0	31303	2 	 LowerBoundDemand 	 None 	 6.000000 	 2.278451
0	31218	1 	 LowerBound 	 None 	 9.000000 	 3.061606
0	31218	1 	 LowerBoundDemand 	 None 	 6.000000 	 2.267996
0	31522	2 	 LowerBound 	 None 	 19.000000 	 9.897221
0	31522	2 	 LowerBoundDemand 	 None 	 15.000000 	 8.112071
0	31313	2 	 LowerBound 	 None 	 6.000000 	 2.349385
0	31313	2 	 LowerBoundDemand 	 None 	 5.000000 	 2.000869
0	31323	2 	 LowerBound 	 None 	 8.000000 	 2.665168
0	31323	2 	 LowerBoundDemand 	 None 	 6.000000 	 2.232888
0	31418	1 	 LowerBound 	 None 	 19.000000 	 9.436539
0	31418	1 	 LowerBoundDemand 	 None 	 15.000000 	 6.260045
0	31408	1 	 LowerBound 	 None 	 24.000000 	 11.393394
0	31408	1 	 LowerBoundDemand 	 None 	 16.000000 	 7.590864
0	31209	1 	 LowerBound 	 None 	 8.000000 	 3.215027
0	31209	1 	 LowerBoundDemand 	 None 	 5.000000 	 2.309705
0	31503	2 	 LowerBound 	 None 	 17.000000 	 9.423420
0	31503	2 	 LowerBoundDemand 	 None 	 14.000000 	 7.706815
0	31513	2 	 LowerBound 	 None 	 17.000000 	 8.226778
0	31513	2 	 LowerBoundDemand 	 None 	 14.000000 	 6.749447
0	31304	2 	 LowerBound 	 None 	 8.000000 	 2.793730
0	31304	2 	 LowerBoundDemand 	 None 	 7.000000 	 2.369742
0	31219	1 	 LowerBound 	 None 	 9.000000 	 2.924129
0	31219	1 	 LowerBoundDemand 	 None 	 7.000000 	 2.166079
0	31324	2 	 LowerBound 	 None 	 7.000000 	 2.838221
0	31324	2 	 LowerBoundDemand 	 None 	 6.000000 	 2.399887
0	31523	2 	 LowerBound 	 None 	 16.000000 	 9.458751
0	31523	2 	 LowerBoundDemand 	 None 	 13.000000 	 7.729294
0	31314	2 	 LowerBound 	 None 	 9.000000 	 2.691824
0	31314	2 	 LowerBoundDemand 	 None 	 8.000000 	 2.287007
0	31409	1 	 LowerBound 	 None 	 18.000000 	 10.990043
0	31409	1 	 LowerBoundDemand 	 None 	 12.000000 	 7.418417
0	31419	1 	 LowerBound 	 None 	 23.000000 	 11.648165
0	31419	1 	 LowerBoundDemand 	 None 	 16.000000 	 7.806893
0	31504	2 	 LowerBound 	 None 	 19.000000 	 9.541985
0	31504	2 	 LowerBoundDemand 	 None 	 16.000000 	 7.808460
0	31514	2 	 LowerBound 	 None 	 20.000000 	 9.723502
0	31514	2 	 LowerBoundDemand 	 None 	 16.000000 	 8.002767
0	31524	2 	 LowerBound 	 None 	 20.000000 	 10.981880
0	31524	2 	 LowerBoundDemand 	 None 	 17.000000 	 9.010408
